Cat,Name,Smiles,PIC50_pred,
S4706,Eugenol,COC1=C(O)C=CC(=C1)CC=C,6.297773116,
E4257,Vanillylamine,COC1=CC(=CC=C1O)CN,6.297773116,
S3984,Nordihydroguaiaretic acid (NDGA),CC(CC1=CC=C(O)C(=C1)O)C(C)CC2=CC=C(O)C(=C2)O,6.290051443,
S2450,Equol,OC1=CC=C(C=C1)C2COC3=CC(=CC=C3C2)O,6.224215269,
S3626,Sesamol,OC1=CC2=C(OCO2)C=C1,6.224215269,
S3922,(-)-epigallocatechin,OC1CC2=C(OC1C3=CC(=C(O)C(=C3)O)O)C=C(O)C=C2O,6.224215269,
S3974,(+)-Catechin hydrate,OC1CC2=C(OC1C3=CC(=C(O)C=C3)O)C=C(O)C=C2O,6.224215269,
S4722,(+)-Catechin,OC1CC2=C(OC1C3=CC(=C(O)C=C3)O)C=C(O)C=C2O,6.224215269,
S4723,(-)Epicatechin,OC1CC2=C(OC1C3=CC(=C(O)C=C3)O)C=C(O)C=C2O,6.224215269,
S6601,(ˇŔ)-Equol,OC1=CC=C(C=C1)C2COC3=C(C2)C=CC(=C3)O,6.224215269,
S9048,(+)-Gallocatechin,OC1CC2=C(OC1C3=CC(=C(O)C(=C3)O)O)C=C(O)C=C2O,6.224215269,
S9387,Maackiain,OC1=CC2=C(C=C1)C3OC4=C(C=C5OCOC5=C4)C3CO2,6.224215269,
S3290,Procyanidin B2,OC1CC2=C(OC1C3=CC(=C(O)C=C3)O)C(=C(O)C=C2O)C4C(O)C(OC5=CC(=CC(=C45)O)O)C6=CC(=C(O)C=C6)O,6.224215269,
E4537,(ˇŔ)-Catechin hydrate,OC1CC2=C(O)C=C(O)C=C2OC1C3=CC(=C(O)C=C3)O,6.224215269,
S9243,Protosappanin B,OCC1(O)COC2=CC(=CC=C2C3=CC(=C(O)C=C3C1)O)O,6.127814249,
S3780,Secoisolariciresinol diglucoside,COC1=C(O)C=CC(=C1)CC(COC2OC(CO)C(O)C(O)C2O)C(COC3OC(CO)C(O)C(O)C3O)CC4=CC(=C(O)C=C4)OC,6.110608522,
S9146,Anwuligan,COC1=C(O)C=CC(=C1)CC(C)C(C)CC2=CC3=C(OCO3)C=C2,6.110608522,
S2384,Hematoxylin,OC1=CC2=C(C=C1O)C3C4=C(OCC3(O)C2)C(=C(O)C=C4)O,6.054796395,
S9428,Brazilin,OC1=CC2=C(C=C1)C3C4=CC(=C(O)C=C4CC3(O)CO2)O,6.054796395,
S5144,Neferine,COC1=CC=C(CC2N(C)CCC3=C2C=C(OC4=CC(=CC=C4O)CC5N(C)CCC6=C5C=C(OC)C(=C6)OC)C(=C3)OC)C=C1,6.035828939,
S9150,Daurisoline,COC1=CC2=C(C=C1O)C(CC3=CC(=C(O)C=C3)OC4=CC=C(CC5N(C)CCC6=C5C=C(OC)C(=C6)OC)C=C4)N(C)CC2,6.035828939,
S9186,Liensinine perchlorate,COC1=CC2=C(C=C1OC)C(CC3=CC=C(O)C(=C3)OC4=CC5=C(CCN(C)C5CC6=CC=C(O)C=C6)C=C4OC)N(C)CC2.O[Cl](=O)(=O)=O,6.035828939,
S9295,Dauricine,COC1=CC2=C(C=C1OC)C(CC3=CC=C(OC4=C(O)C=CC(=C4)CC5N(C)CCC6=C5C=C(OC)C(=C6)OC)C=C3)N(C)CC2,6.035828939,
S9411,Liensinine,COC1=CC2=C(C=C1OC)C(CC3=CC=C(O)C(=C3)OC4=CC5=C(CCN(C)C5CC6=CC=C(O)C=C6)C=C4OC)N(C)CC2,6.035828939,
S9424,Liensinine diperchlorate,COC1=CC2=C(C=C1OC)C(CC3=CC(=C(O)C=C3)OC4=C(OC)C=C5CCN(C)C(CC6=CC=C(O)C=C6)C5=C4)N(C)CC2.O[Cl](=O)(=O)=O.O[Cl](=O)(=O)=O,6.035828939,
S9247,Isoliensinine,COC1=CC=C(CC2N(C)CCC3=C2C=C(OC4=C(O)C=CC(=C4)CC5N(C)CCC6=C5C=C(O)C(=C6)OC)C(=C3)OC)C=C1,6.035828939,
S5105,Proanthocyanidins,OC1C(O)C(OC2CC3=C(OC2C4=CC=C(O)C(=C4)O)C=C(O)C=C3O)(OC5=C1C(=CC(=C5)O)O)C6=CC=C(O)C(=C6)O,6.034163462,
S9187,Phillygenin,COC1=C(OC)C=C(C=C1)C2OCC3C2COC3C4=CC(=C(O)C=C4)OC,6.005385792,
E4286,Bromothymol Blue,CC(C)C1=CC(=C(C)C(=C1O)Br)C2(O[S](=O)(=O)C3=CC=CC=C23)C4=C(C)C(=C(O)C(=C4)C(C)C)Br,5.984636839,
S2325,Morin Hydrate,O.OC1=CC=C(C(=C1)O)C2=C(O)C(=O)C3=C(O)C=C(O)C=C3O2,5.981591588,
S2366,Taxifolin (Dihydroquercetin),OC1C(OC2=CC(=CC(=C2C1=O)O)O)C3=CC(=C(O)C=C3)O,5.981591588,
S2394,Naringenin,OC1=CC=C(C=C1)C2CC(=O)C3=C(O)C=C(O)C=C3O2,5.981591588,
S2399,Dihydromyricetin,OC1C(OC2=CC(=CC(=C2C1=O)O)O)C3=CC(=C(O)C(=C3)O)O,5.981591588,
S3675,Umbelliferone,OC1=CC2=C(C=C1)C=CC(=O)O2,5.981591588,
S3929,Liquiritigenin,OC1=CC=C(C=C1)C2CC(=O)C3=CC=C(O)C=C3O2,5.981591588,
S4711,Esculetin,OC1=CC2=C(C=CC(=O)O2)C=C1O,5.981591588,
S9174,Xanthotoxol,OC1=C2OC(=O)C=CC2=CC3=C1OC=C3,5.981591588,
S9110,Morin,OC1=CC(=C(C=C1)C2=C(O)C(=O)C3=C(O2)C=C(O)C=C3O)O,5.981591588,
S9123,Eriodictyol,OC1=CC2=C(C(=O)CC(O2)C3=CC(=C(O)C=C3)O)C(=C1)O,5.981591588,
E0023,"5,7-Dihydroxychromone",OC1=CC(=C2C(=O)C=COC2=C1)O,5.981591588,
E4175,(ˇŔ)-Naringenin,OC1=CC=C(C=C1)C2CC(=O)C3=C(O)C=C(O)C=C3O2,5.981591588,
E2862,(+/-)-Naringenin,OC1=CC=C(C=C1)C2CC(=O)C3=C(O)C=C(O)C=C3O2,5.981591588,
E4425,4-tert-Octylphenol,CC(C)(C)CC(C)(C)C1=CC=C(O)C=C1,5.950584104,
S2326,Myricetin,OC1=CC(=C2C(=O)C(=C(OC2=C1)C3=CC(=C(O)C(=C3)O)O)O)O,5.944285088,
E4318,"3,5-Diiodo-L-tyrosine dihydrate",NC(CC1=CC(=C(O)C(=C1)I)I)C(O)=O,5.940134811,
S9634,Phenoxodiol (Haginin E),OC1=CC=C(C=C1)C2=CC3=CC=C(O)C=C3OC2,5.918345936,
S2262,Apigenin (LY 080400),OC1=CC=C(C=C1)C2=CC(=O)C3=C(O2)C=C(O)C=C3O,5.917914074,
S2314,Kaempferol (NSC 407289),OC1=CC=C(C=C1)C2=C(O)C(=O)C3=C(O)C=C(O)C=C3O2,5.917914074,
S2320,Luteolin,OC1=CC(=C2C(=O)C=C(OC2=C1)C3=CC=C(O)C(=C3)O)O,5.917914074,
S2347,Quercetin Dihydrate,O.O.OC1=CC(=C2C(=O)C(=C(OC2=C1)C3=CC=C(O)C(=C3)O)O)O,5.917914074,
S2391,Quercetin (NSC 9221),OC1=CC(=C2C(=O)C(=C(OC2=C1)C3=CC=C(O)C(=C3)O)O)O,5.917914074,
S3833,Amentoflavone,OC1=CC=C(C=C1)C2=CC(=O)C3=C(O2)C(=C(O)C=C3O)C4=CC(=CC=C4O)C5=CC(=O)C6=C(O5)C=C(O)C=C6O,5.917914074,
S9120,Scutellarein,OC1=CC=C(C=C1)C2=CC(=O)C3=C(O2)C=C(O)C(=C3O)O,5.917914074,
E0675,Quercetagetin,OC1=CC=C(C=C1O)C2=C(O)C(=O)C3=C(O)C(=C(O)C=C3O2)O,5.917914074,
E0526,sappanone A,OC1=CC=C2C(=O)C(/COC2=C1)=C/C3=CC=C(O)C(=C3)O,5.911586807,
S9131,Punicalagin,OC1COC(=O)C2=CC(=C(O)C(=C2C3=C4C(=O)OC5=C(O)C(=C(C6=C5C4=C(OC6=O)C(=C3O)O)C7=C(C=C(O)C(=C7O)O)C(=O)OC1C8OC(=O)C9=CC(=C(O)C(=C9C%10=C(C=C(O)C(=C%10O)O)C(=O)OC8C=O)O)O)O)O)O,5.907608335,
S9098,Dehydrodiisoeugenol,COC1=C(O)C=CC(=C1)C2OC3=C(C=C(\C=C\C)C=C3OC)C2C,5.900499049,
S9035,Isovitexin,OCC1OC(C(O)C(O)C1O)C2=C(O)C3=C(OC(=CC3=O)C4=CC=C(O)C=C4)C=C2O,5.876870632,
S9099,Orientin,OCC1OC(C(O)C(O)C1O)C2=C(O)C=C(O)C3=C2OC(=CC3=O)C4=CC(=C(O)C=C4)O,5.876870632,
S9234,Schaftoside,OCC1OC(C(O)C(O)C1O)C2=C(O)C3=C(OC(=CC3=O)C4=CC=C(O)C=C4)C(=C2O)C5OCC(O)C(O)C5O,5.876870632,
S9192,Vitexin,OCC1OC(C(O)C(O)C1O)C2=C(O)C=C(O)C3=C2OC(=CC3=O)C4=CC=C(O)C=C4,5.876870632,
S9248,Homoorientin,OCC1OC(C(O)C(O)C1O)C2=C(O)C3=C(OC(=CC3=O)C4=CC(=C(O)C=C4)O)C=C2O,5.876870632,
S9378,"4',5-Dihydroxyflavone",OC1=CC=C(C=C1)C2=CC(=O)C3=C(O2)C=CC=C3O,5.835863063,
S6348,(+)-Delta-Tocopherol,CC(C)CCCC(C)CCCC(C)CCCC1(C)CCC2=C(O1)C(=CC(=C2)O)C,5.831451556,
S9127,Carnosol,CC(C)C1=CC2=C(C(=C1O)O)C34CCCC(C)(C)C3CC2OC4=O,5.818752401,
S2615,Noradrenaline bitartrate monohydrate,O.NCC(O)C1=CC(=C(O)C=C1)O.OC(C(O)C(O)=O)C(O)=O,5.808305746,
S3906,Astragalus polyphenols,OCC1OC(OC2=C(\C=C\C3=CC=C(O)C=C3)C=C(O)C=C2O)C(O)C(O)C1O,5.804932315,
S2250,(-)-Epigallocatechin Gallate,OC1=CC2=C(CC(OC(=O)C3=CC(=C(O)C(=C3)O)O)C(O2)C4=CC(=C(O)C(=C4)O)O)C(=C1)O,5.801129882,
S3925,(-)-Epicatechin gallate,OC1=CC2=C(CC(OC(=O)C3=CC(=C(O)C(=C3)O)O)C(O2)C4=CC=C(O)C(=C4)O)C(=C1)O,5.801129882,
S9058,Gallocatechin gallate,OC1=CC2=C(CC(OC(=O)C3=CC(=C(O)C(=C3)O)O)C(O2)C4=CC(=C(O)C(=C4)O)O)C(=C1)O,5.801129882,
S2390,Polydatin,OCC1OC(OC2=CC(=CC(=C2)\C=C\C3=CC=C(O)C=C3)O)C(O)C(O)C1O,5.799265808,
S9075,Mulberroside A,OCC1OC(OC2=CC=C(/C=C/C3=CC(=CC(=C3)O)OC4OC(CO)C(O)C(O)C4O)C(=C2)O)C(O)C(O)C1O,5.799265808,
S9284,Aloesin,CC(=O)CC1=CC(=O)C2=C(C)C=C(O)C(=C2O1)C3OC(CO)C(O)C(O)C3O,5.796994384,
S5469,Bavachin,CC(C)=CCC1=CC2=C(OC(CC2=O)C3=CC=C(O)C=C3)C=C1O,5.773330511,
S9259,Lithospermic acid,OC(=O)C(CC1=CC(=C(O)C=C1)O)OC(=O)/C=C/C2=CC=C(O)C3=C2C(C(O3)C4=CC(=C(O)C=C4)O)C(O)=O,5.764470327,
S4735,Salvianolic acid B,OC(=O)C(CC1=CC(=C(O)C=C1)O)OC(=O)/C=C/C2=CC=C(O)C3=C2C(C(O3)C4=CC=C(O)C(=C4)O)C(=O)OC(CC5=CC=C(O)C(=C5)O)C(O)=O,5.764470327,
S3813,Bakuchiol,CC(C)=CCCC(C)(C=C)\C=C\C1=CC=C(O)C=C1,5.748930646,
E4560,Carminic acid,CC1=C2C(=O)C3=C(O)C(=C(O)C(=C3C(=O)C2=CC(=C1C(O)=O)O)O)C4OC(CO)C(O)C(O)C4O,5.739582166,
S3608,Demethylzeylasteral (T-96),CC12CCC(C)(CC1C3(C)CCC4(C)C5=CC(=C(O)C(=C5C(=O)C=C4C3(C)CC2)C=O)O)C(O)=O,5.732957989,
S3838,Carnosic acid,CC(C)C1=CC2=C(C(=C1O)O)C3(CCCC(C)(C)C3CC2)C(O)=O,5.732957989,
S4762,"2,4-Dihydroxyacetophenone",CC(=O)C1=C(O)C=C(O)C=C1,5.732957989,
S4784,Phloracetophenone,CC(=O)C1=C(O)C=C(O)C=C1O,5.732957989,
S9090,Corilagin,OC1C2COC(=O)C3=CC(=C(O)C(=C3C4=C(C=C(O)C(=C4O)O)C(=O)OC1C(O)C(O2)OC(=O)C5=CC(=C(O)C(=C5)O)O)O)O,5.731362057,
S9396,Geraniin,OC1=CC(=CC(=C1O)O)C(=O)OC2OC3COC(=O)C4=CC(=C(O)C(=C4C5=C(C=C(O)C(=C5O)O)C(=O)OC6C3OC(=O)C7=CC(=O)C8(O)OC9=C(O)C(=CC(=C9C7C8(O)O)C(=O)OC26)O)O)O,5.731362057,
S3951,Tannic acid,OC1=CC(=CC(=C1O)O)C(=O)OC2=C(O)C(=CC(=C2)C(=O)OCC3OC(OC(=O)C4=CC(=C(O)C(=C4)O)OC(=O)C5=CC(=C(O)C(=C5)O)O)C(OC(=O)C6=CC(=C(O)C(=C6)O)OC(=O)C7=CC(=C(O)C(=C7)O)O)C(OC(=O)C8=CC(=C(O)C(=C8)O)OC(=O)C9=CC(=C(O)C(=C9)O)O)C3OC(=O)C%10=CC(=C(O)C(=C%10)O)OC(=O)C%11=CC(=C(O)C(=C%11)O)O)O,5.728801102,
S3609,Berbamine dihydrochloride,Cl.Cl.COC1=CC2=C3C=C1OC4=C(OC)C(=CC5=C4C(CC6=CC(=C(O)C=C6)OC7=CC=C(CC3N(C)CC2)C=C7)N(C)CC5)OC,5.720394562,
S9141,Berbamine,COC1=C2OC3=C4C(CC5=CC=C(O)C(=C5)OC6=CC=C(CC7N(C)CCC(=C1)C7=C2)C=C6)N(C)CCC4=CC(=C3OC)OC,5.720394562,
S2375,Aloin,OCC1OC(C(O)C(O)C1O)C2C3=C(C(=CC=C3)O)C(=O)C4=C2C=C(CO)C=C4O,5.718141927,
S0936,Aloin B,OCC1OC(C(O)C(O)C1O)C2C3=CC=CC(=C3C(=O)C4=C2C=C(CO)C=C4O)O,5.718141927,
E4515,Aloin(mixture of A&B),OCC1OC(C(O)C(O)C1O)C2C3=C(C(=CC=C3)O)C(=O)C4=C2C=C(CO)C=C4O,5.718141927,
S9293,Isoliquiritin,OCC1OC(OC2=CC=C(\C=C\C(=O)C3=C(O)C=C(O)C=C3)C=C2)C(O)C(O)C1O,5.717292268,
S3240,Phaseoloidin,OCC1OC(OC2=C(CC(O)=O)C=C(O)C=C2)C(O)C(O)C1O,5.717292268,
S4686,Vitamin E,CC(C)CCCC(C)CCCC(C)CCCC1(C)CCC2=C(C)C(=C(C)C(=C2O1)C)O,5.69736734,
S6104,(ˇŔ)-¦Á-Tocopherol,CC(C)CCCC(C)CCCC(C)CCCC1(C)CCC2=C(C)C(=C(C)C(=C2O1)C)O,5.69736734,
E4109,rel-¦Á-Vitamin E,CC(C)CCCC(C)CCCC(C)CCCC1(C)CCC2=C(C)C(=C(C)C(=C2O1)C)O,5.69736734,
S9045,Triptophenolide,CC(C)C1=CC=C2C(=C1O)CCC3C4=C(CCC23C)C(=O)OC4,5.693599622,
S1273,Amarogentin,OCC1OC(OC2OC=C3C(CCOC3=O)C2C=C)C(OC(=O)C4=C(O)C=C(O)C=C4C5=CC=CC(=C5)O)C(O)C1O,5.675826,
S3061,Epinephrine HCl,Cl.CNCC(O)C1=CC=C(O)C(=C1)O,5.673341824,
E4422,DL-Adrenaline Hydrochloride,Cl.CNCC(O)C1=CC(=C(O)C=C1)O,5.673341824,
E2901,(-)-Isoproterenol hydrochloride,Cl.CC(C)NCC(O)C1=CC(=C(O)C=C1)O,5.673341824,
E0130,Apigenin-7-O-glucuronide,OC1C(O)C(OC(C1O)C(O)=O)OC2=CC(=C3C(=O)C=C(OC3=C2)C4=CC=C(O)C=C4)O,5.671152761,
E0131,Luteolin-7-O-glucuronide,OC1C(O)C(OC(C1O)C(O)=O)OC2=CC(=C3C(=O)C=C(OC3=C2)C4=CC(=C(O)C=C4)O)O,5.671152761,
S9246,Tiliroside,OC1C(O)C(COC(=O)\C=C\C2=CC=C(O)C=C2)OC(OC3=C(OC4=C(C(=CC(=C4)O)O)C3=O)C5=CC=C(O)C=C5)C1O,5.654003725,
S2343,Phlorizin,OCC1OC(OC2=C(C(=O)CCC3=CC=C(O)C=C3)C(=CC(=C2)O)O)C(O)C(O)C1O,5.648236907,
S9064,Trilobatin,OCC1OC(OC2=CC(=C(C(=O)CCC3=CC=C(O)C=C3)C(=C2)O)O)C(O)C(O)C1O,5.648236907,
S9077,Plantamajoside,OCC1OC(OC2C(O)C(OCCC3=CC=C(O)C(=C3)O)OC(CO)C2OC(=O)\C=C\C4=CC=C(O)C(=C4)O)C(O)C(O)C1O,5.648236907,
S9196,Calceolarioside B,OC1C(O)C(COC(=O)\C=C\C2=CC=C(O)C(=C2)O)OC(OCCC3=CC=C(O)C(=C3)O)C1O,5.648236907,
E4348,Phlorizin dihydrate,O.OCC1OC(OC2=C(C(=O)CCC3=CC=C(O)C=C3)C(=CC(=C2)O)O)C(O)C(O)C1O,5.648236907,wfdr
S3810,Scutellarin,OC1C(O)C(OC(C1O)C(O)=O)OC2=CC3=C(C(=O)C=C(O3)C4=CC=C(O)C=C4)C(=C2O)O,5.644912927,
E4434,Phenylephrine,CNCC(O)C1=CC(=CC=C1)O,5.641964297,
S3606,Fangchinoline,COC1=C2OC3=CC=C(CC4N(C)CCC5=C4C=C(OC6=C(O)C(=CC7=C6C(CC(=C2)C=C1)N(C)CC7)OC)C(=C5)OC)C=C3,5.601134481,
S3611,(+)-Fangchinoline,COC1=C2OC3=CC=C(CC4N(C)CCC5=C4C=C(OC6=C7C(CC(=C2)C=C1)N(C)CCC7=CC(=C6O)OC)C(=C5)OC)C=C3,5.601134481,
E4302,2-Ethyl-6-methylphenol,CCC1=C(O)C(=CC=C1)C,5.596852709,
S4940,Maltol,CC1=C(O)C(=O)C=CO1,5.592568767,
S9552,Farrerol,CC1=C(O)C2=C(OC(CC2=O)C3=CC=C(O)C=C3)C(=C1O)C,5.592568767,
S9425,Trifolirhizin,OCC1OC(OC2=CC3=C(C=C2)C4OC5=C(C=C6OCOC6=C5)C4CO3)C(O)C(O)C1O,5.589981351,
S2258,Esculin,OCC1OC(OC2=C(O)C=C3OC(=O)C=CC3=C2)C(O)C(O)C1O,5.581725934,
S3930,Liquiritin,OCC1OC(OC2=CC=C(C=C2)C3CC(=O)C4=C(O3)C=C(O)C=C4)C(O)C(O)C1O,5.581725934,
S3254,Plantagoside,OCC1OC(OC2=CC(=CC(=C2O)O)C3CC(=O)C4=C(O)C=C(O)C=C4O3)C(O)C(O)C1O,5.581725934,
S9479,Complanatoside A,OCC1OC(OC2=C(O)C=C(C=C2O)C3=C(OC4OC(CO)C(O)C(O)C4O)C(=O)C5=C(O)C=C(O)C=C5O3)C(O)C(O)C1O,5.577715948,
S1848,Curcumin,COC1=CC(=CC=C1O)/C=C/C(O)=C/C(=O)/C=C/C2=CC(=C(O)C=C2)OC,5.573806787,
S2300,Ferulic Acid,COC1=CC(=CC=C1O)\C=C\C(O)=O,5.573806787,
S2339,Paeonol,COC1=CC(=C(C=C1)C(C)=O)O,5.573806787,
S2425,Apocynin (NSC 2146),COC1=C(O)C=CC(=C1)C(C)=O,5.573806787,
S3629,Syringic acid,COC1=CC(=CC(=C1O)OC)C(O)=O,5.573806787,
S3630,Methyl Vanillate,COC(=O)C1=CC(=C(O)C=C1)OC,5.573806787,
S3764,Isoferulic Acid,COC1=C(O)C=C(\C=C\C(O)=O)C=C1,5.573806787,
S3790,Methyl gallate,COC(=O)C1=CC(=C(O)C(=C1)O)O,5.573806787,
S3869,Methyl protocatechuate,COC(=O)C1=CC(=C(O)C=C1)O,5.573806787,
S4781,Xanthoxyline,COC1=CC(=C(C(C)=O)C(=C1)OC)O,5.573806787,
S4787,Methyl syringate,COC(=O)C1=CC(=C(O)C(=C1)OC)OC,5.573806787,
S4955,Acetosyringone,COC1=CC(=CC(=C1O)OC)C(C)=O,5.573806787,
S5162,Isovanillic acid,COC1=C(O)C=C(C=C1)C(O)=O,5.573806787,
S5343,Vanillic acid,COC1=C(O)C=CC(=C1)C(O)=O,5.573806787,
S5451,Ferulic acid methyl ester,COC(=O)\C=C\C1=CC=C(O)C(=C1)OC,5.573806787,
S5600,Flavokawain A,COC1=CC=C(/C=C/C(=O)C2=C(OC)C=C(OC)C=C2O)C=C1,5.573806787,
S7828,Licochalcone A,COC1=C(/C=C/C(=O)C2=CC=C(O)C=C2)C=C(C(=C1)O)C(C)(C)C=C,5.573806787,
S9437,Echinatin,COC1=CC(=CC=C1\C=C\C(=O)C2=CC=C(O)C=C2)O,5.573806787,
E0010,Hypocrellin A,COC1=CC(=C2C(=O)C(=C3CC(C)(O)C(C(C)=O)C4=C(OC)C(=O)C5=C(O)C=C(OC)C6=C1C2=C3C4=C56)OC)O,5.573806787,
E0653,Trans-ferulic acid,COC1=C(O)C=CC(=C1)\C=C\C(O)=O,5.573806787,
E4091,3-O-Methylgallic acid,COC1=CC(=CC(=C1O)O)C(O)=O,5.573806787,
E4323,Atraric acid,COC(=O)C1=C(O)C(=C(O)C=C1C)C,5.573806787,
E4347,Methyl (E)-ferulate,COC(=O)/C=C/C1=CC(=C(O)C=C1)OC,5.573806787,wfdr
E4395,"Methyl 2,4-dihydroxybenzoate",COC(=O)C1=C(O)C=C(O)C=C1,5.573806787,
E4126,Methyl isovanillate,COC(=O)C1=CC(=C(OC)C=C1)O,5.573806787,
S4740,Sodium ferulate,[Na+].COC1=CC(=CC=C1O)\C=C\C([O-])=O,5.573806787,
S8279,Shikonin (C.I. 75535),CC(C)=CCC(O)C1=CC(=O)C2=C(O)C=CC(=C2C1=O)O,5.557795554,
E2829,Alkannin,CC(C)=CCC(O)C1=CC(=O)C2=C(O)C=CC(=C2C1=O)O,5.557795554,
S2280,Chlorogenic Acid,OC1CC(O)(CC(OC(=O)\C=C\C2=CC(=C(O)C=C2)O)C1O)C(O)=O,5.556890388,
S9034,Isochlorogenic acid C,OC1CC(O)(CC(OC(=O)\C=C\C2=CC=C(O)C(=C2)O)C1OC(=O)\C=C\C3=CC=C(O)C(=C3)O)C(O)=O,5.556890388,
S9133,Chicoric acid,OC(=O)C(OC(=O)\C=C\C1=CC(=C(O)C=C1)O)C(OC(=O)\C=C\C2=CC(=C(O)C=C2)O)C(O)=O,5.556890388,
S9136,Neochlorogenic acid,OC1CC(O)(CC(OC(=O)\C=C\C2=CC=C(O)C(=C2)O)C1O)C(O)=O,5.556890388,
S9274,Isochlorogenic acid B,OC1CC(O)(CC(OC(=O)\C=C\C2=CC=C(O)C(=C2)O)C1OC(=O)\C=C\C3=CC=C(O)C(=C3)O)C(O)=O,5.556890388,
S9282,Isochlorogenic acid A,OC1C(CC(O)(CC1OC(=O)\C=C\C2=CC=C(O)C(=C2)O)C(O)=O)OC(=O)\C=C\C3=CC(=C(O)C=C3)O,5.556890388,
S9319,Cryptochlorogenic acid,OC1CC(O)(CC(O)C1OC(=O)\C=C\C2=CC=C(O)C(=C2)O)C(O)=O,5.556890388,
S3301,Cynarin,OC1CC(CC(OC(=O)/C=C/C2=CC=C(O)C(=C2)O)C1O)(OC(=O)\C=C\C3=CC=C(O)C(=C3)O)C(O)=O,5.556890388,
S3308,Caftaric acid,OC(C(OC(=O)/C=C/C1=CC(=C(O)C=C1)O)C(O)=O)C(O)=O,5.556890388,
S4777,Plumbagin,CC1=CC(=O)C2=C(C=CC=C2O)C1=O,5.554362164,
S5110,Safflower Yellow,OCC1OC(C(O)C(O)C1O)C2(O)C(=C(\C=C/3C(=O)C(=C(O)C(O)(C4OC(CO)C(O)C(O)C4O)C3=O)C(=O)\C=C\C5=CC=C(O)C=C5)C(=O)C(=C2O)C(=O)\C=C\C6=CC=C(O)C=C6)O,5.542970425,
S9061,Hydroxy safflor yellow A,OCC1OC(C(O)C(O)C1O)C2=C(O)C(O)(C3OC(CO)C(O)C(O)C3O)C(=C(C(=O)\C=C\C4=CC=C(O)C=C4)C2=O)O,5.542970425,
S9049,Parishin A,OCC1OC(OC2=CC=C(COC(=O)CC(O)(CC(=O)OCC3=CC=C(OC4OC(CO)C(O)C(O)C4O)C=C3)C(=O)OCC5=CC=C(OC6OC(CO)C(O)C(O)C6O)C=C5)C=C2)C(O)C(O)C1O,5.541367966,
S9418,Parishin B,OCC1OC(OC2=CC=C(COC(=O)CC(O)(CC(O)=O)C(=O)OCC3=CC=C(OC4OC(CO)C(O)C(O)C4O)C=C3)C=C2)C(O)C(O)C1O,5.541367966,
S3273,Hypericin,CC1=C2C3=C(C)C=C(O)C4=C3C5=C6C2=C(C(=C1)O)C(=O)C7=C6C(=C(O)C=C7O)C8=C(O)C=C(O)C(=C58)C4=O,5.537920257,
S3612,Rosmarinic acid,OC(=O)C(CC1=CC=C(O)C(=C1)O)OC(=O)\C=C\C2=CC=C(O)C(=C2)O,5.533222643,
S9055,Salvianolic acid A,OC(=O)C(CC1=CC(=C(O)C=C1)O)OC(=O)\C=C\C2=C(/C=C/C3=CC(=C(O)C=C3)O)C(=C(O)C=C2)O,5.533222643,
S2362,Synephrine,CNCC(O)C1=CC=C(O)C=C1,5.52927031,
S2321,Magnolol,OC1=C(C=C(CC=C)C=C1)C2=CC(=CC=C2O)CC=C,5.521815702,
S9083,Rhapontin,COC1=C(O)C=C(C=C1)/C=C/C2=CC(=CC(=C2)O)OC3OC(CO)C(O)C(O)C3O,5.516381004,
S3300,Desoxyrhaponticin,COC1=CC=C(C=C1)/C=C/C2=CC(=CC(=C2)O)OC3OC(CO)C(O)C(O)C3O,5.516381004,
S0922,Salvianolic acid C,OC(=O)C(CC1=CC(=C(O)C=C1)O)OC(=O)/C=C/C2=C3C=C(OC3=C(O)C=C2)C4=CC(=C(O)C=C4)O,5.511702011,
E4183,3-Methylcatechol,CC1=C(O)C(=CC=C1)O,5.509481005,
S4018,Sennoside B,OCC1OC(OC2=CC=CC3=C2C(=O)C4=C(O)C=C(C=C4C3C5C6=C(C(=O)C7=C(O)C=C(C=C57)C(O)=O)C(=CC=C6)OC8OC(CO)C(O)C(O)C8O)C(O)=O)C(O)C(O)C1O,5.508323756,
S4033,Sennoside A,OCC1OC(OC2=CC=CC3=C2C(=O)C4=C(O)C=C(C=C4C3C5C6=C(C(=O)C7=C(O)C=C(C=C57)C(O)=O)C(=CC=C6)OC8OC(CO)C(O)C(O)C8O)C(O)=O)C(O)C(O)C1O,5.508323756,
S3842,Isoquercitrin,OCC1OC(OC2=C(OC3=CC(=CC(=C3C2=O)O)O)C4=CC(=C(O)C=C4)O)C(O)C(O)C1O,5.507755978,
S5453,Hyperoside,OCC1OC(OC2=C(OC3=C(C(=CC(=C3)O)O)C2=O)C4=CC(=C(O)C=C4)O)C(O)C(O)C1O,5.507755978,
S9018,Luteoloside,OCC1OC(OC2=CC3=C(C(=C2)O)C(=O)C=C(O3)C4=CC=C(O)C(=C4)O)C(O)C(O)C1O,5.507755978,
S9059,4'-O-Glucosylvitexin,OCC1OC(OC2=CC=C(C=C2)C3=CC(=O)C4=C(O3)C(=C(O)C=C4O)C5OC(CO)C(O)C(O)C5O)C(O)C(O)C1O,5.507755978,
S9125,Apigetrin,OCC1OC(OC2=CC3=C(C(=C2)O)C(=O)C=C(O3)C4=CC=C(O)C=C4)C(O)C(O)C1O,5.507755978,
S9230,Vaccarin,OCC1OC(OC2=CC=C(C=C2)C3=CC(=O)C4=C(O)C(=C(O)C=C4O3)C5OC(CO)C(O)C(O)C5OC6OCC(O)C(O)C6O)C(O)C(O)C1O,5.507755978,
S9289,Astragalin,OCC1OC(OC2=C(OC3=C(C(=CC(=C3)O)O)C2=O)C4=CC=C(O)C=C4)C(O)C(O)C1O,5.507755978,
S3274,Glucosyl-vitexin,OCC1OC(OC2C(O)C(O)C(CO)OC2OC3=C4OC(=CC(=O)C4=C(O)C=C3O)C5=CC=C(O)C=C5)C(O)C(O)C1O,5.507755978,
S3281,Quercetin 3-O-¦Â-D-glucose-7-O-¦Â-D-gentiobioside,OCC1OC(OCC2OC(OC3=CC(=C4C(=O)C(=C(OC4=C3)C5=CC(=C(O)C=C5)O)OC6OC(CO)C(O)C(O)C6O)O)C(O)C(O)C2O)C(O)C(O)C1O,5.507755978,
S5642,Homovanillic acid,COC1=C(O)C=CC(=C1)CC(O)=O,5.50695811,
E4528,Ononetin,COC1=CC=C(CC(=O)C2=C(O)C=C(O)C=C2)C=C1,5.50695811,
S5750,DL-Norepinephrine hydrochloride,Cl.NCC(O)C1=CC(=C(O)C=C1)O,5.497135484,
S9507,(?)-Norepinephrine,NCC(O)C1=CC(=C(O)C=C1)O,5.497135484,
S3981,Sinapinic Acid,COC1=C(O)C(=CC(=C1)\C=C\C(O)=O)OC,5.496051345,
S4774,Xanthurenic Acid,OC(=O)C1=CC(=C2C=CC=C(O)C2=N1)O,5.484981752,
S2310,Honokiol (NSC 293100),OC1=C(CC=C)C=C(C=C1)C2=CC(=CC=C2O)CC=C,5.481246096,
S3960,Higenamine hydrochloride,Cl.OC1=CC=C(CC2NCCC3=CC(=C(O)C=C23)O)C=C1,5.480091647,
S3294,Demethyl-Coclaurine,OC1=CC=C(CC2NCCC3=CC(=C(O)C=C23)O)C=C1,5.480091647,
S3828,Orcinol glucoside,CC1=CC(=CC(=C1)OC2OC(CO)C(O)C(O)C2O)O,5.47775954,
S5456,Isobavachalcone,CC(C)=CCC1=C(O)C(=CC=C1O)C(=O)\C=C\C2=CC=C(O)C=C2,5.475515068,
S5748,4ˇä-Deoxyphlorizin,OCC1OC(OC2=CC=CC(=C2C(=O)CCC3=CC=C(O)C=C3)O)C(O)C(O)C1O,5.466987177,
S1396,Resveratrol (SRT501),OC1=CC=C(C=C1)\C=C\C2=CC(=CC(=C2)O)O,5.460441176,
S3026,Piceatannol,OC1=CC(=CC(=C1)/C=C/C2=CC=C(O)C(=C2)O)O,5.460441176,
S4739,Oxyresveratrol,OC1=CC=C(\C=C\C2=CC(=CC(=C2)O)O)C(=C1)O,5.460441176,
S3168,cis-Resveratrol,OC1=CC=C(C=C1)\C=C/C2=CC(=CC(=C2)O)O,5.460441176,
S9256,Isobavachin,CC(C)=CCC1=C2OC(CC(=O)C2=CC=C1O)C3=CC=C(O)C=C3,5.451933004,
S3261,Myrislignan,COC1=C(O)C=CC(=C1)C(O)C(C)OC2=C(OC)C=C(CC=C)C=C2OC,5.440870236,
S2385,Hordenine,CN(C)CCC1=CC=C(O)C=C1,5.433965629,
E4456,Hordenine HCL,Cl.CN(C)CCC1=CC=C(O)C=C1,5.433965629,
S9254,Skimmin,OCC1OC(OC2=CC3=C(C=CC(=O)O3)C=C2)C(O)C(O)C1O,5.433550037,
S3788,Carvacrol,CC(C)C1=CC=C(C)C(=C1)O,5.431624694,
S5157,Thymol,CC(C)C1=CC=C(C)C=C1O,5.431624694,
S9329,Orcinol,CC1=CC(=CC(=C1)O)O,5.431624694,
E4285,Pyrolin,CC1=C(O)C=CC(=C1)O,5.431624694,
E4140,"2,6-Dimethylhydroquinone",CC1=C(O)C(=CC(=C1)O)C,5.431624694,
E4238,"2,4,6-Trimethylphenol",CC1=CC(=C(O)C(=C1)C)C,5.431624694,
E4240,"3,5-Di-tert-butylphenol",CC(C)(C)C1=CC(=CC(=C1)O)C(C)(C)C,5.431624694,
S3786,Glabridin,CC1(C)OC2=C(C=C1)C3=C(CC(CO3)C4=CC=C(O)C=C4O)C=C2,5.411577255,
S4953,Usnic acid,CC(=O)C1C(=O)C=C2OC3=C(C(=C(C)C(=C3C(C)=O)O)O)C2(C)C1=O,5.410716971,
S1665,Estrone,CC12CCC3C(CCC4=CC(=CC=C34)O)C1CCC2=O,5.409533089,
S2448,Gambogic Acid,CC(C)=CCCC1(C)OC2=C(CC=C(C)C)C3=C(C(=C2C=C1)O)C(=O)C4=CC5CC6C(C)(C)OC(C\C=C(C)/C(O)=O)(C5=O)C46O3,5.408337368,
S9031,Gambogenic acid,CC(C)=CCC/C(C)=C/CC1=C(O)C2=C(OC34C5CC(C=C3C2=O)C(=O)C4(C\C=C(\C)C(O)=O)OC5(C)C)C(=C1O)CC=C(C)C,5.408337368,
S2252,(+)-Usniacin,CC(=O)C1=C(O)C(=C(O)C2=C1OC3=CC(=O)C(=C(O)C23C)C(C)=O)C,5.403128079,
E4574,2-Hydroxy Hippuric Acid,OC(=O)CNC(=O)C1=C(O)C=CC=C1,5.386142483,
E4160,Glycyl-L-tyrosine,NCC(=O)NC(CC1=CC=C(O)C=C1)C(O)=O,5.38119764,
S2346,Puerarin,OCC1OC(OC2=C(O)C=CC3=C2OC=C(C3=O)C4=CC=C(O)C=C4)C(O)C(O)C1O,5.377416165,
S2259,Aloe-emodin,OCC1=CC2=C(C(=C1)O)C(=O)C3=C(C=CC=C3O)C2=O,5.363716533,
S2383,Gastrodin,OCC1OC(OC2=CC=C(CO)C=C2)C(O)C(O)C1O,5.361030245,
S4156,Chlortetracycline HCl (NSC 13252),Cl.CN(C)C1C2CC3C(=C(O)C2(O)C(=O)C(=C1O)C(N)=O)C(=O)C4=C(C(=CC=C4O)Cl)C3(C)O,5.358023999,
S3897,(-)-Arctigenin,COC1=C(O)C=CC(=C1)CC2C(COC2=O)CC3=CC=C(OC)C(=C3)OC,5.349823142,
S9137,Erianin,COC1=C(O)C=C(CCC2=CC(=C(OC)C(=C2)OC)OC)C=C1,5.34911783,
S3370,3-Methoxytyramine hydrochloride,Cl.COC1=C(O)C=CC(=C1)CCN,5.34911783,
S2052,Oxytetracycline Dihydrate,O.O.CN(C)C1C2C(O)C3C(=C(O)C2(O)C(=O)C(=C1O)C(N)=O)C(=O)C4=C(O)C=CC=C4C3(C)O,5.348302719,
S2574,Tetracycline HCl,Cl.CN(C)C1C2CC3C(=C(O)C2(O)C(=O)C(=C1O)C(N)=O)C(=O)C4=C(O)C=CC=C4C3(C)O,5.348302719,
S2554,Daphnetin,OC1=CC=C2C=CC(=O)OC2=C1O,5.34699096,
S1342,Genistein (NPI 031L),OC1=CC=C(C=C1)C2=COC3=C(C(=CC(=C3)O)O)C2=O,5.344978812,
S3937,Pterostilbene,COC1=CC(=CC(=C1)\C=C\C2=CC=C(O)C=C2)OC,5.343028353,
S3939,4'-Methoxyresveratrol,COC1=CC=C(C=C1)\C=C\C2=CC(=CC(=C2)O)O,5.343028353,
S3940,3'-Hydroxypterostilbene,COC1=CC(=CC(=C1)/C=C/C2=CC(=C(O)C=C2)O)OC,5.343028353,
S9163,Rhapontigenin,COC1=CC=C(/C=C/C2=CC(=CC(=C2)O)O)C=C1O,5.343028353,
S1773,Oxytetracycline (Terramycin),CN(C)C1C2C(O)C3C(=C(O)C4=C(C=CC=C4O)C3(C)O)C(=O)C2(O)C(=O)C(=C1O)C(N)=O,5.341309136,
S4490,Tetracycline,CN(C)C1C2CC3C(=C(O)C4=C(C=CC=C4O)C3(C)O)C(=O)C2(O)C(=C(C(N)=O)C1=O)O,5.341309136,
S5199,Oxytetracycline hydrochloride,Cl.CN(C)C1C2C(O)C3C(=C(O)C4=C(C=CC=C4O)C3(C)O)C(=O)C2(O)C(=C(C(N)=O)C1=O)O,5.341309136,
S3985,Methyl 4-hydroxybenzoate,COC(=O)C1=CC=C(O)C=C1,5.336112275,
S2401,Sodium Danshensu,[Na+].OC(CC1=CC(=C(O)C=C1)O)C([O-])=O,5.334336047,
S4741,Danshensu,OC(CC1=CC=C(O)C(=C1)O)C(O)=O,5.334336047,
S2263,Arbutin,OCC1OC(OC2=CC=C(O)C=C2)C(O)C(O)C1O,5.333877057,
S5112,alpha-Arbutin,OCC1OC(OC2=CC=C(O)C=C2)C(O)C(O)C1O,5.333877057,
S3952,"3,4-Dihydroxybenzaldehyde",OC1=CC=C(C=O)C=C1O,5.328610684,
E4329,Gallic aldehyde,OC1=C(O)C(=CC(=C1)C=O)O,5.328610684,
E4249,4-Nitrocatechol,OC1=C(O)C=C(C=C1)[N](=O)=O,5.328610684,
E2903,"2,4-dihydroxybenzaldehyde",OC1=CC(=C(C=O)C=C1)O,5.328610684,
S2396,Salidroside,OCC1OC(OCCC2=CC=C(O)C=C2)C(O)C(O)C1O,5.315146123,
S2277,Caffeic Acid,OC(=O)/C=C/C1=CC=C(O)C(=C1)O,5.3091889,
S2404,Isoliquiritigenin,OC1=CC=C(C=C1)\C=C\C(=O)C2=C(O)C=C(O)C=C2,5.3091889,
S3799,Gentisic acid,OC(=O)C1=C(O)C=CC(=C1)O,5.3091889,
S3975,Protocatechuic acid,OC(=O)C1=CC(=C(O)C=C1)O,5.3091889,
S4603,Gallic acid,OC(=O)C1=CC(=C(O)C(=C1)O)O,5.3091889,
S8036,Butein,OC1=CC(=C(C=C1)C(=O)\C=C\C2=CC(=C(O)C=C2)O)O,5.3091889,
S9440,Naringenin chalcone,OC1=CC=C(C=C1)/C=C/C(=O)C2=C(O)C=C(O)C=C2O,5.3091889,
E4084,Gallic acid (hydrate),O.OC(=O)C1=CC(=C(O)C(=C1)O)O,5.3091889,
E4097,"2,4,6-Trihydroxybenzoic acid",OC(=O)C1=C(O)C=C(O)C=C1O,5.3091889,
S2295,Emodin,CC1=CC2=C(C(=C1)O)C(=O)C3=C(C=C(O)C=C3O)C2=O,5.29785608,
S9155,Aurantio-obtusin,COC1=C(O)C2=C(C=C1O)C(=O)C3=C(C2=O)C(=C(O)C(=C3)C)OC,5.29785608,
E4557,Sinapaldehyde,COC1=C(O)C(=CC(=C1)\C=C\C=O)OC,5.29785608,
S2395,Rheochrysidin,COC1=CC2=C(C(=C1)O)C(=O)C3=C(O)C=C(C)C=C3C2=O,5.29785608,
S3265,9''-Methyl salvianolate B,COC(=O)C(CC1=CC(=C(O)C=C1)O)OC(=O)/C=C/C2=C3C(C(OC3=C(O)C=C2)C4=CC(=C(O)C=C4)O)C(=O)OC(CC5=CC(=C(O)C=C5)O)C(O)=O,5.295857691,
S4244,Serotonin HCl,Cl.NCCC1=C[NH]C2=CC=C(O)C=C12,5.289160613,
E4150,H-Tyr-OMe,COC(=O)C(N)CC1=CC=C(O)C=C1,5.284192352,
S6927,Dihydroresveratrol,OC1=CC=C(CCC2=CC(=CC(=C2)O)O)C=C1,5.282384589,
E4098,5-Hydroxyindole,OC1=CC=C2[NH]C=CC2=C1,5.278117948,
S9237,Berberrubine,[Cl-].COC1=CC=C2C=C3C4=C(CC[N+]3=CC2=C1O)C=C5OCOC5=C4,5.271702918,
S2529,Dopamine HCl,Cl.NCCC1=CC(=C(O)C=C1)O,5.271135722,
S3826,Hydroxytyrosol,OCCC1=CC=C(O)C(=C1)O,5.271135722,
S3071,Vanillin,COC1=CC(=CC=C1O)C=O,5.270763104,
S4765,Syringaldehyde,COC1=C(O)C(=CC(=C1)C=O)OC,5.270763104,
S4943,Isovanillin,COC1=C(O)C=C(C=O)C=C1,5.270763104,
S5156,4-Methoxysalicylaldehyde,COC1=CC(=C(C=O)C=C1)O,5.270763104,
S9221,Ferulaldehyde,COC1=CC(=CC=C1O)\C=C\C=O,5.270763104,
S9480,Raspberry Ketone,CC(=O)CCC1=CC=C(O)C=C1,5.261789488,
S2406,Chrysophanic Acid,CC1=CC2=C(C(=C1)O)C(=O)C3=C(O)C=CC=C3C2=O,5.261407957,
S9198,Obtusifolin,COC1=C2C(=O)C3=C(C=CC=C3O)C(=O)C2=CC(=C1O)C,5.261407957,
S9312,Cyanidin-3-O-glucoside chloride,[Cl-].OCC1OC(OC2=C([O+]=C3C=C(O)C=C(O)C3=C2)C4=CC(=C(O)C=C4)O)C(O)C(O)C1O,5.260248729,
S3841,Eleutheroside B,COC1=CC(=CC(=C1OC2OC(CO)C(O)C(O)C2O)OC)\C=C\CO,5.260087128,
S4963,Purpurin,OC1=CC(=C2C(=O)C3=C(C=CC=C3)C(=O)C2=C1O)O,5.259923145,
E4179,2-Hydroxyanthraquinone,OC1=CC=C2C(=O)C3=CC=CC=C3C(=O)C2=C1,5.259923145,
S2342,Phloretin (RJC 02792),OC1=CC=C(CCC(=O)C2=C(O)C=C(O)C=C2O)C=C1,5.259114971,
S6367,3-Hydroxybenzoic acid,OC(=O)C1=CC=CC(=C1)O,5.259034729,
E4351,m-Coumaric acid,OC(=O)C=CC1=CC(=CC=C1)O,5.259034729,
E4210,2-Hydroxy-6-methoxybenzoic acid,COC1=C(C(O)=O)C(=CC=C1)O,5.254395357,
E4413,"Methyl 2,6-dihydroxybenzoate",COC(=O)C1=C(O)C=CC=C1O,5.254395357,
S2400,Rheic Acid,OC(=O)C1=CC(=C2C(=O)C3=C(C=CC=C3O)C(=O)C2=C1)O,5.242489767,
S3289,Daphnoretin,COC1=C(O)C=C2OC(=O)C(=CC2=C1)OC3=CC4=C(C=CC(=O)O4)C=C3,5.239157082,
E4170,"1,2,4-Trihydroxybenzene",OC1=CC(=C(O)C=C1)O,5.237088181,
S2374,5-hydroxytryptophan (5-HTP),NC(CC1=C[NH]C2=CC=C(O)C=C12)C(O)=O,5.229181752,
S4769,L-5-Hydroxytryptophan,NC(CC1=C[NH]C2=CC=C(O)C=C12)C(O)=O,5.229181752,
S3797,Helicide,OCC1OC(OC2=CC=C(C=O)C=C2)C(O)C(O)C1O,5.226194874,
S2359,Sinomenine,COC1=CC2C3CC4=C(C(=C(OC)C=C4)O)C2(CCN3C)CC1=O,5.224939723,
S9420,Sinoacutine,COC1=C(O)C2=C(CC3N(C)CCC24C=C(OC)C(=O)C=C34)C=C1,5.224939723,
S3758,Sinomenine hydrochloride,Cl.COC1=C(O)C2=C(CC3C4C=C(OC)C(=O)CC24CCN3C)C=C1,5.224939723,
S2289,Daidzin,OCC1OC(OC2=CC3=C(C=C2)C(=O)C(=CO3)C4=CC=C(O)C=C4)C(O)C(O)C1O,5.218456358,
S5784,Vancomycin,CNC(CC(C)C)C(=O)NC1C(O)C2=CC(=C(OC3=C(OC4OC(CO)C(O)C(O)C4OC5CC(C)(N)C(O)C(C)O5)C6=CC(=C3)C(NC(=O)C(CC(N)=O)NC1=O)C(=O)NC7C(=O)NC(C(O)C8=CC(=C(O6)C=C8)Cl)C(=O)NC(C(O)=O)C9=C(C(=CC(=C9)O)O)C%10=C(O)C=CC7=C%10)C=C2)Cl,5.217106985,
S2575,Vancomycin HCl,Cl.CNC(CC(C)C)C(=O)NC1C(O)C2=CC=C(OC3=CC4=CC(=C3OC5OC(CO)C(O)C(O)C5OC6CC(C)(N)C(O)C(C)O6)OC7=CC=C(C=C7Cl)C(O)C8NC(=O)C(NC(=O)C4NC(=O)C(CC(N)=O)NC1=O)C9=CC(=C(O)C=C9)C%10=C(C=C(O)C=C%10O)C(NC8=O)C(O)=O)C(=C2)Cl,5.217106985,
S2301,Genistin (Genistoside),OCC1OC(OC2=CC3=C(C(=C2)O)C(=O)C(=CO3)C4=CC=C(O)C=C4)C(O)C(O)C1O,5.212448282,
S3776,Sophoricoside,OCC1OC(OC2=CC=C(C=C2)C3=COC4=C(C(=CC(=C4)O)O)C3=O)C(O)C(O)C1O,5.212448282,
E4321,3-Methoxysalicylaldehyde,COC1=CC=CC(=C1O)C=O,5.204867513,
S1709,Estradiol,CC12CCC3C(CCC4=C3C=CC(=C4)O)C1CCC2O,5.203294835,
S2466,Estriol,CC12CCC3C(CCC4=CC(=CC=C34)O)C1CC(O)C2O,5.203294835,
S5910,Alpha-Estradiol,CC12CCC3C(CCC4=C3C=CC(=C4)O)C1CCC2O,5.203294835,
S9258,(+)-Isocorynoline,COC1=C(O)C2=C(CC3N(C)CCC4=C3C2=C(OC)C(=C4)OC)C=C1,5.187907234,
S6074,3-(3-Hydroxyphenyl)propionic Acid,OC(=O)CCC1=CC(=CC=C1)O,5.180842729,
S3855,Ethyl ferulate,CCOC(=O)/C=C/C1=CC(=C(O)C=C1)OC,5.177535925,
S3993,Ethyl Vanillate,CCOC(=O)C1=CC(=C(O)C=C1)OC,5.177535925,
S5128,Orsellinic acid ethyl ester,CCOC(=O)C1=C(O)C=C(O)C=C1C,5.177535925,
S5550,Ethyl gallate,CCOC(=O)C1=CC(=C(O)C(=C1)O)O,5.177535925,
S5640,Ethyl caffeate,CCOC(=O)/C=C/C1=CC(=C(O)C=C1)O,5.177535925,
E4397,"ETHYL 3,5-DIHYDROXYBENZOATE",CCOC(=O)C1=CC(=CC(=C1)O)O,5.177535925,
S2521,Epinephrine bitartrate,CNCC(O)C1=CC(=C(O)C=C1)O.OC(C(O)C(O)=O)C(O)=O,5.168791562,
S4965,Helecin,OCC1OC(OC2=C(C=O)C=CC=C2)C(O)C(O)C1O,5.166120076,
S5757,Isoeugenol,COC1=C(O)C=CC(=C1)\C=C\C,5.163560325,
S3249,Corypalmine,COC1=C(O)C=C2CCN3CC4=C(CC3C2=C1)C=CC(=C4OC)OC,5.163560325,
E4089,"3,4-Dimethoxyphenol",COC1=C(OC)C=C(O)C=C1,5.163560325,
E4355,Methylsyringol,COC1=C(O)C(=CC(=C1)C)OC,5.163560325,
E4120,2-Amino-4-methoxyphenol,COC1=CC(=C(O)C=C1)N,5.163560325,
S6071,"3,5-Dimethoxyphenol",COC1=CC(=CC(=C1)OC)O,5.163560325,
S9172,Phellodendrine,COC1=C(O)C=C2C3CC4=C(C[N+]3(C)CCC2=C1)C=C(OC)C(=C4)O,5.163560325,
S9231,Schisanhenol,COC1=C(OC)C(=C2C(=C1)CC(C)C(C)CC3=CC(=C(OC)C(=C23)OC)OC)O,5.163560325,
S9245,Phellodendrine chloride,[Cl-].COC1=CC2=C(CC3C4=C(CC[N+]3(C)C2)C=C(OC)C(=C4)O)C=C1O,5.163560325,
S9491,(+)-Guaiacin,COC1=C(O)C=CC(=C1)C2C(C)C(C)CC3=C2C=C(O)C(=C3)OC,5.163560325,
E4559,2-?Methoxy-?4-?vinylphenol,COC1=CC(=CC=C1O)C=C,5.163560325,
E4408,Phenyl salicylate,OC1=C(C=CC=C1)C(=O)OC2=CC=CC=C2,5.16261967,
S2371,Vanillylacetone,COC1=CC(=CC=C1O)CCC(C)=O,5.153048154,
S3848,Hydroxytyrosol Acetate,CC(=O)OCCC1=CC(=C(O)C=C1)O,5.153048154,
S5135,Hydroferulic acid,COC1=C(O)C=CC(=C1)CCC(O)=O,5.153048154,
S9050,Boldine,COC1=C(O)C=C2CC3N(C)CCC4=CC(=C(OC)C(=C34)C2=C1)O,5.145432326,
S5113,Propyl gallate,CCCOC(=O)C1=CC(=C(O)C(=C1)O)O,5.131021609,
S3035,Daunorubicin (RP 13057) HCl,Cl.COC1=C2C(=O)C3=C(C(=C4CC(O)(CC(OC5CC(N)C(O)C(C)O5)C4=C3O)C(C)=O)O)C(=O)C2=CC=C1,5.124538056,
S9092,Norisoboldine,COC1=CC2=C(CC3NCCC4=C3C2=C(O)C(=C4)OC)C=C1O,5.120446791,
S7889,Xanthohumol,COC1=C(C(=C(CC=C(C)C)C(=C1)O)O)C(=O)\C=C\C2=CC=C(O)C=C2,5.113108832,
S9280,Demethoxycurcumin,COC1=CC(=CC=C1O)\C=C\C(=O)CC(=O)\C=C\C2=CC=C(O)C=C2,5.113108832,
S9178,Sinapine thiocyanate,COC1=CC(=CC(=C1O)OC)/C=C/C(=O)OCC[N+](C)(C)C.[S-]C#N,5.106467766,
S3235,Sinapine,COC1=C(O)C(=CC(=C1)\C=C\C(=O)OCC[N+](C)(C)C)OC,5.106467766,
S3926,Forsythin,COC1=CC=C(C=C1OC)C2OCC3C2COC3C4=CC(=C(OC5OC(CO)C(O)C(O)C5O)C=C4)OC,5.106456045,
S9106,Eleutheroside E,COC1=C(OC2OC(CO)C(O)C(O)C2O)C(=CC(=C1)C3OCC4C3COC4C5=CC(=C(OC6OC(CO)C(O)C(O)C6O)C(=C5)OC)OC)OC,5.106456045,
S9215,Pinoresinol diglucoside,COC1=CC(=CC=C1OC2OC(CO)C(O)C(O)C2O)C3OCC4C3COC4C5=CC=C(OC6OC(CO)C(O)C(O)C6O)C(=C5)OC,5.106456045,
S3756,Methyl salicylate,COC(=O)C1=C(O)C=CC=C1,5.103132673,
S3260,3'-hydroxy Puerarin,OCC1OC(C(O)C(O)C1O)C2=C(O)C=CC3=C2OC=C(C3=O)C4=CC(=C(O)C=C4)O,5.102992588,
S2351,Salicin,OCC1OC(OC2=CC=CC=C2CO)C(O)C(O)C1O,5.100045673,
S1849,Daidzein,OC1=CC=C(C=C1)C2=COC3=CC(=CC=C3C2=O)O,5.093238736,
S2298,Fisetin,OC1=CC2=C(C=C1)C(=O)C(=C(O2)C3=CC(=C(O)C=C3)O)O,5.093238736,
S4763,4-Hydroxychalcone,OC1=CC=C(C=C1)/C=C/C(=O)C2=CC=CC=C2,5.092014155,
S4937,4'-Hydroxychalcone,OC1=CC=C(C=C1)C(=O)\C=C\C2=CC=CC=C2,5.092014155,
E4336,2-Hydroxychalcone,OC1=C(C=CC=C1)C=CC(=O)C2=CC=CC=C2,5.092014155,
S3857,4-Hydroxybenzyl alcohol,OCC1=CC=C(O)C=C1,5.084610592,
E4129,4-Hydroxybenzylamine,NCC1=CC=C(O)C=C1,5.084610592,
E4202,4-Hydroxybenzyl cyanide,OC1=CC=C(CC#N)C=C1,5.084610592,
E0459,Robinetin,OC1=CC=C2C(=O)C(=C(OC2=C1)C3=CC(=C(O)C(=C3)O)O)O,5.082616853,
S9089,Magnoflorine,COC1=C(O)C2=C(CC3C4=C2C(=C(OC)C=C4CC[N+]3(C)C)O)C=C1,5.073077931,
S9188,Magnoflorine chloride,[Cl-].COC1=C(O)C2=C(CC3C4=C2C(=C(OC)C=C4CC[N+]3(C)C)O)C=C1,5.073077931,
S3782,Neomangiferin,OCC1OC(OC2=CC3=C(OC4=C(C(=C(C5OC(CO)C(O)C(O)C5O)C(=C4)O)O)C3=O)C=C2O)C(O)C(O)C1O,5.067792141,
S3241,Loureirin A,COC1=CC=C(CCC(=O)C2=CC=C(O)C=C2)C(=C1)OC,5.061476058,
S3242,Loureirin B,COC1=CC(=C(CCC(=O)C2=CC=C(O)C=C2)C(=C1)OC)OC,5.061476058,
S3795,Phloretic acid,OC(=O)CCC1=CC=C(O)C=C1,5.059818199,
S3938,Bisdemethoxycurcumin (BDMC),OC1=CC=C(C=C1)/C=C/C(=O)CC(=O)\C=C\C2=CC=C(O)C=C2,5.05607741,
S3836,6-Gingerol,CCCCCC(O)CC(=O)CCC1=CC=C(O)C(=C1)OC,5.055303365,
S5551,6-Paradol,CCCCCCCC(=O)CCC1=CC=C(O)C(=C1)OC,5.055303365,
S9043,6-Shogaol,CCCCC/C=C/C(=O)CCC1=CC=C(O)C(=C1)OC,5.055303365,
S9091,10-Gingerol,CCCCCCCCCC(O)CC(=O)CCC1=CC=C(O)C(=C1)OC,5.055303365,
S9434,8-Gingerol,CCCCCCCC(O)CC(=O)CCC1=CC=C(O)C(=C1)OC,5.055303365,
S5457,Curculigoside,COC1=C(C(=O)OCC2=CC(=CC=C2OC3OC(CO)C(O)C(O)C3O)O)C(=CC=C1)OC,5.054604468,
S2327,Myricitrin,CC1OC(OC2=C(OC3=CC(=CC(=C3C2=O)O)O)C4=CC(=C(O)C(=C4)O)O)C(O)C(O)C1O,5.053531015,
S9121,Irigenin,COC1=C(OC)C(=CC(=C1)C2=COC3=CC(=C(OC)C(=C3C2=O)O)O)O,5.053531015,
S4561,Danthron,OC1=CC=CC2=C1C(=O)C3=C(O)C=CC=C3C2=O,5.047808884,
S9700,Tapinarof,CC(C)C1=C(O)C=C(\C=C\C2=CC=CC=C2)C=C1O,5.037238897,
S2270,Bergenin,COC1=C(O)C2=C(C=C1O)C(=O)OC3C(O)C(O)C(CO)OC23,5.036054787,
E4489,Thymopentin Acetate,CC(C)C(NC(=O)C(CC(O)=O)NC(=O)C(CCCCN)NC(=O)C(N)CCCNC(N)=N)C(=O)NC(CC1=CC=C(O)C=C1)C(O)=O.CC(O)=O,5.033639507,
S2308,Hesperetin,COC1=CC=C(C=C1O)C2CC(=O)C3=C(O)C=C(O)C=C3O2,5.021553806,
S3881,Scopoletin,COC1=CC2=C(OC(=O)C=C2)C=C1O,5.021553806,
S3908,4'-Demethylpodophyllotoxin,COC1=CC(=CC(=C1O)OC)C2C3C(COC3=O)C(O)C4=C2C=C5OCOC5=C4,5.021553806,
S3932,Astilbin,CC1OC(OC2C(OC3=C(C(=CC(=C3)O)O)C2=O)C4=CC(=C(O)C=C4)O)C(O)C(O)C1O,5.021553806,
S9170,Engeletin,CC1OC(OC2C(OC3=C(C(=CC(=C3)O)O)C2=O)C4=CC=C(O)C=C4)C(O)C(O)C1O,5.021553806,
S9240,Isofraxidin,COC1=CC2=C(OC(=O)C=C2)C(=C1O)OC,5.021553806,
S9438,Isosakuranetin,COC1=CC=C(C=C1)C2CC(=O)C3=C(O2)C=C(O)C=C3O,5.021553806,
S9503,Fraxetin,COC1=CC2=C(OC(=O)C=C2)C(=C1O)O,5.021553806,
S3295,Taxifolin 7-rhamnoside,CC1OC(OC2=CC(=C3C(=O)C(O)C(OC3=C2)C4=CC(=C(O)C=C4)O)O)C(O)C(O)C1O,5.021553806,
S7582,Anacardic Acid,CCCCCCCCCCCCCCCC1=CC=CC(=C1C(O)=O)O,5.012013804,
S9432,Ginkgolic Acid,CCCCCC\C=C/CCCCCCCC1=CC=CC(=C1C(O)=O)O,5.012013804,
S9445,Ginkgolic Acid (C13:0),CCCCCCCCCCCCCC1=CC=CC(=C1C(O)=O)O,5.012013804,
E4570,2-Hydroxyflavanone,OC1=C(C=CC=C1)C2CC(=O)C3=CC=CC=C3O2,5.008714688,
E4573,4-Hydroxyflavanone,OC1=CC=C(C=C1)C2CC(=O)C3=CC=CC=C3O2,5.008714688,
S4525,Ethylparaben,CCOC(=O)C1=CC=C(O)C=C1,5.007844252,
S5834,p-Coumaric acid ethyl ester,CCOC(=O)\C=C\C1=CC=C(O)C=C1,5.007844252,
S3783,Echinacoside,CC1OC(OC2C(O)C(OCCC3=CC(=C(O)C=C3)O)OC(COC4OC(CO)C(O)C(O)C4O)C2OC(=O)\C=C\C5=CC=C(O)C(=C5)O)C(O)C(O)C1O,5.007011968,
S5458,Verbascoside,CC1OC(OC2C(O)C(OCCC3=CC=C(O)C(=C3)O)OC(CO)C2OC(=O)\C=C\C4=CC=C(O)C(=C4)O)C(O)C(O)C1O,5.007011968,
S9184,Forsythoside B,CC1OC(OC2C(O)C(OCCC3=CC=C(O)C(=C3)O)OC(COC4OCC(O)(CO)C4O)C2OC(=O)/C=C/C5=CC(=C(O)C=C5)O)C(O)C(O)C1O,5.007011968,
S9317,Forsythoside A,CC1OC(OCC2OC(OCCC3=CC=C(O)C(=C3)O)C(O)C(O)C2OC(=O)\C=C\C4=CC=C(O)C(=C4)O)C(O)C(O)C1O,5.007011968,
S9407,Angoroside C,COC1=CC=C(CCOC2OC(COC3OCC(O)C(O)C3O)C(OC(=O)/C=C/C4=CC=C(O)C(=C4)OC)C(OC5OC(C)C(O)C(O)C5O)C2O)C=C1O,5.007011968,
S1074,Poliumoside,CC1OC(OCC2OC(OCCC3=CC(=C(O)C=C3)O)C(O)C(OC4OC(C)C(O)C(O)C4O)C2OC(=O)/C=C/C5=CC(=C(O)C=C5)O)C(O)C(O)C1O,5.007011968,
S9128,Isoacteoside,CC1OC(OC2C(O)C(COC(=O)/C=C/C3=CC=C(O)C(=C3)O)OC(OCCC4=CC=C(O)C(=C4)O)C2O)C(O)C(O)C1O,5.007011968,
E4524,H-Val-Tyr-OH,CC(C)C(N)C(=O)NC(CC1=CC=C(O)C=C1)C(O)=O,5.00494844,
E2892,L-ALANYL-L-TYROSINE,CC(N)C(=O)NC(CC1=CC=C(O)C=C1)C(O)=O,5.00494844,
S3765,Picroside II,COC1=CC(=CC=C1O)C(=O)OC2C3C=COC(OC4OC(CO)C(O)C(O)C4O)C3C5(CO)OC25,5.001320028,
S6426,Hesperidin methylchalcone,COC1=C(O)C=C(/C=C/C(=O)C2=C(OC)C=C(OC3OC(COC4OC(C)C(O)C(O)C4O)C(O)C(O)C3O)C=C2O)C=C1,5.001320028,
S9441,Sibiricose A5,COC1=CC(=CC=C1O)/C=C/C(=O)OC2C(O)C(CO)OC2(CO)OC3OC(CO)C(O)C(O)C3O,5.001320028,
S3302,"¦Â,¦Â-dimethyl-acryl-alkannin",CC(C)=CCC(OC(=O)C=C(C)C)C1=CC(=O)C2=C(C(=CC=C2O)O)C1=O,4.988659016,
S9257,Acetylshikonin,CC(C)=CCC(OC(C)=O)C1=CC(=O)C2=C(C(=CC=C2O)O)C1=O,4.988659016,
S3625,Tyramine,NCCC1=CC=C(O)C=C1,4.988521101,
S3773,Tyrosol,OCCC1=CC=C(O)C=C1,4.988521101,
E4029,Tyramine hydrochloride,Cl.NCCC1=CC=C(O)C=C1,4.988521101,
S4738,Arctiin,COC1=CC=C(CC2COC(=O)C2CC3=CC=C(OC4OC(CO)C(O)C(O)C4O)C(=C3)OC)C=C1OC,4.982138654,
S3284,Tracheloside,COC1=CC=C(CC2COC(=O)C2(O)CC3=CC(=C(OC4OC(CO)C(O)C(O)C4O)C=C3)OC)C=C1OC,4.982138654,
S9401,"3,6'-Disinapoyl sucrose",COC1=CC(=CC(=C1O)OC)\C=C\C(=O)OCC2OC(OC3(CO)OC(CO)C(O)C3OC(=O)/C=C/C4=CC(=C(O)C(=C4)OC)OC)C(O)C(O)C2O,4.97954596,
E0758,Silydianin,COC1=C(O)C=CC(=C1)C2C3COC4(O)C3C(=CC2C4=O)C5OC6=CC(=CC(=C6C(=O)C5O)O)O,4.966018801,
S5405,Propylparaben,CCCOC(=O)C1=CC=C(O)C=C1,4.953164523,
S4946,"2,3-Dihydroxybenzoic acid",OC(=O)C1=C(O)C(=CC=C1)O,4.940038164,
S2303,Gossypol Acetate,CC(C)C1=C2C=C(C)C(=C(O)C2=C(C=O)C(=C1O)O)C3=C(O)C4=C(C=C3C)C(=C(O)C(=C4C=O)O)C(C)C.CC(O)=O,4.93978416,
S2812,(R)-(-)-Gossypol acetic acid,CC(C)C1=C(O)C(=C(C=O)C2=C1C=C(C)C(=C2O)C3=C(C)C=C4C(=C(O)C(=C(C=O)C4=C3O)O)C(C)C)O.CC(O)=O,4.93978416,
S3872,Guaiacol,COC1=C(O)C=CC=C1,4.935400558,
S3804,Alpha-Mangostin,COC1=C(O)C=C2OC3=C(C(=C(CC=C(C)C)C(=C3)O)O)C(=O)C2=C1CC=C(C)C,4.925409561,
S3878,Bavachinin,COC1=CC2=C(C=C1CC=C(C)C)C(=O)CC(O2)C3=CC=C(O)C=C3,4.925409561,
S9070,Isoxanthohumol,COC1=CC(=C(CC=C(C)C)C2=C1C(=O)CC(O2)C3=CC=C(O)C=C3)O,4.925409561,
S5312,Urolithin A,OC1=CC=C2C(=C1)OC(=O)C3=CC(=CC=C23)O,4.924596375,
S9442,Bergaptol,OC1=C2C=COC2=CC3=C1C=CC(=O)O3,4.924596375,
E4543,"4,7-Dihydroxycoumarin",OC1=CC=C2C(=CC(=O)OC2=C1)O,4.924596375,
S1327,Ellagic acid,OC1=CC2=C3C(=C1O)OC(=O)C4=CC(=C(O)C(=C34)OC2=O)O,4.924596375,
S5516,Ellagic Acid hydrate,O.OC1=CC2=C3C(=C1O)OC(=O)C4=CC(=C(O)C(=C34)OC2=O)O,4.924596375,
S9255,Isoscopoletin,COC1=CC2=C(C=CC(=O)O2)C=C1O,4.924457513,
S9066,Specnuezhenide,COC(=O)C1=COC(OC2OC(CO)C(O)C(O)C2O)\C(=C/C)C1CC(=O)OCC3OC(OCCC4=CC=C(O)C=C4)C(O)C(O)C3O,4.918623397,
S9473,Nuzhenide,COC(=O)C1=COC(OC2OC(CO)C(O)C(O)C2O)\C(=C\C)C1CC(=O)OCC3OC(OCCC4=CC=C(O)C=C4)C(O)C(O)C3O,4.918623397,
S3884,Jatrorrhizine,COC1=CC2=C(CC[N+]3=CC4=C(C=CC(=C4OC)OC)C=C23)C=C1O,4.918026861,
S9069,Jatrorrhizine chloride,[Cl-].COC1=CC2=C(CC[N+]3=CC4=C(C=CC(=C4OC)OC)C=C23)C=C1O,4.918026861,
S3299,Demethyleneberberine,COC1=C(OC)C2=C[N+]3=C(C=C2C=C1)C4=CC(=C(O)C=C4CC3)O,4.918026861,
S3808,Mangiferin,OCC1OC(C(O)C(O)C1O)C2=C(O)C=C3OC4=C(C=C(O)C(=C4)O)C(=O)C3=C2O,4.915607555,
S2309,Hesperidin,COC1=CC=C(C=C1O)C2CC(=O)C3=C(O)C=C(OC4OC(COC5OC(C)C(O)C(O)C5O)C(O)C(O)C4O)C=C3O2,4.910822808,
S2323,Methyl-Hesperidin,COC1=CC=C(C=C1O)C2CC(=O)C3=C(OC)C=C(OC4OC(COC5OC(C)C(O)C(O)C5O)C(O)C(O)C4O)C=C3O2,4.910822808,
S2329,Naringin,CC1OC(OC2C(O)C(O)C(CO)OC2OC3=CC(=C4C(=O)CC(OC4=C3)C5=CC=C(O)C=C5)O)C(O)C(O)C1O,4.910822808,
S2332,Neohesperidin,COC1=CC(=CC(=C1)C2CC(=O)C3=C(O)C=C(OC4OC(CO)C(O)C(O)C4OC5OC(C)C(O)C(O)C5O)C=C3O2)O,4.910822808,
S2357,Silibinin (NSC 651520),COC1=CC(=CC=C1O)C2OC3=CC(=CC=C3OC2CO)C4OC5=CC(=CC(=C5C(=O)C4O)O)O,4.910822808,
S2358,Silymarin,COC1=CC(=CC=C1O)C2OC3=CC=C(C=C3OC2CO)C4OC5=C(C(=CC(=C5)O)O)C(=O)C4O,4.910822808,
S9173,Sec-O-Glucosylhamaudol,CC1=CC(=O)C2=C(O)C3=C(OC(C)(C)C(C3)OC4OC(CO)C(O)C(O)C4O)C=C2O1,4.910822808,
S9211,Eriocitrin,CC1OC(OCC2OC(OC3=CC(=C4C(=O)CC(OC4=C3)C5=CC=C(O)C(=C5)O)O)C(O)C(O)C2O)C(O)C(O)C1O,4.910822808,
S9242,Narirutin,CC1OC(OCC2OC(OC3=CC(=C4C(=O)CC(OC4=C3)C5=CC=C(O)C=C5)O)C(O)C(O)C2O)C(O)C(O)C1O,4.910822808,
S9250,Isosilybin,COC1=C(O)C=CC(=C1)C2OC3=C(OC2CO)C=C(C=C3)C4OC5=C(C(=CC(=C5)O)O)C(=O)C4O,4.910822808,
S9235,Didymin,COC1=CC=C(C=C1)C2CC(=O)C3=C(O2)C=C(OC4OC(COC5OC(C)C(O)C(O)C5O)C(O)C(O)C4O)C=C3O,4.910822808,
S9165,Poncirin,COC1=CC=C(C=C1)C2CC(=O)C3=C(O2)C=C(OC4OC(CO)C(O)C(O)C4OC5OC(C)C(O)C(O)C5O)C=C3O,4.910822808,
S9296,Fraxin,COC1=CC2=C(OC(=O)C=C2)C(=C1O)OC3OC(CO)C(O)C(O)C3O,4.910822808,
E4349,Methylarbutin,COC1=CC=C(OC2OC(CO)C(O)C(O)C2O)C=C1,4.903866406,
S7867,Oleuropein,COC(=O)C1=COC(OC2OC(CO)C(O)C(O)C2O)\C(=C\C)C1CC(=O)OCCC3=CC(=C(O)C=C3)O,4.890684315,
E4086,p-Anisic acid,COC1=CC=C(C=C1)C(O)=O,4.890461593,
S6429,Coniferyl alcohol,COC1=CC(=CC=C1O)/C=C/CO,4.889999486,
S3754,4-Hydroxybenzoic acid,OC(=O)C1=CC=C(O)C=C1,4.880942926,
S4759,p-Coumaric Acid,OC(=O)\C=C\C1=CC=C(O)C=C1,4.880942926,
S6018,"2,3,4-Trihydroxybenzoic acid",OC(=O)C1=C(O)C(=C(O)C=C1)O,4.880942926,
S9564,p-Hydroxy-cinnamic Acid,OC(=O)\C=C\C1=CC=C(O)C=C1,4.880942926,
E4539,4-Hydroxymandelic acid,OC(C(O)=O)C1=CC=C(O)C=C1,4.880942926,
E4339,4-Hydroxy-L-phenylglycine,NC(C(O)=O)C1=CC=C(O)C=C1,4.880942926,
S3941,Pinocembrin,OC1=CC2=C(C(=O)CC(O2)C3=CC=CC=C3)C(=C1)O,4.866792005,
S6323,"2,6-Dimethoxybenzoic acid",COC1=CC=CC(=C1C(O)=O)OC,4.861198735,
E4317,Ethyl salicylate,CCOC(=O)C1=C(O)C=CC=C1,4.858453115,
S9298,Corylin,CC1(C)OC2=CC=C(C=C2C=C1)C3=COC4=CC(=CC=C4C3=O)O,4.857421029,
S9286,Neobavaisoflavone,CC(C)=CCC1=CC(=CC=C1O)C2=COC3=C(C=CC(=C3)O)C2=O,4.848514507,
E4367,Boc-D-Tyr-OH,CC(C)(C)OC(=O)NC(CC1=CC=C(O)C=C1)C(O)=O,4.813885244,
E4529,DL-O-Tyrosine,NC(CC1=C(O)C=CC=C1)C(O)=O,4.811967119,
S3825,Glycitin,COC1=CC2=C(OC=C(C2=O)C3=CC=C(O)C=C3)C=C1OC4OC(CO)C(O)C(O)C4O,4.811549643,
E4409,4-(4-Methoxyphenyl)-2-butanone,COC1=CC=C(CCC(C)=O)C=C1,4.797061278,
E4274,"2,6-Dibromophenol",OC1=C(Br)C=CC=C1Br,4.79601948,
S2299,Formononetin,COC1=CC=C(C=C1)C2=COC3=C(C=CC(=C3)O)C2=O,4.79126672,
S9038,Calycosin,COC1=C(O)C=C(C=C1)C2=COC3=C(C=CC(=C3)O)C2=O,4.79126672,
S9107,Glycitein,COC1=CC2=C(OC=C(C2=O)C3=CC=C(O)C=C3)C=C1O,4.79126672,
S2380,Diosmetin,COC1=CC=C(C=C1O)C2=CC(=O)C3=C(O)C=C(O)C=C3O2,4.791227863,
S3824,Quercitrin,CC1OC(OC2=C(OC3=C(C(=CC(=C3)O)O)C2=O)C4=CC(=C(O)C=C4)O)C(O)C(O)C1O,4.791227863,
S3846,Eupatilin,COC1=CC=C(C=C1OC)C2=CC(=O)C3=C(O2)C=C(O)C(=C3O)OC,4.791227863,
S3877,Lysionotin,COC1=CC=C(C=C1)C2=CC(=O)C3=C(O)C(=C(O)C(=C3O2)OC)OC,4.791227863,
S3879,Kaempferide,COC1=CC=C(C=C1)C2=C(O)C(=O)C3=C(O2)C=C(O)C=C3O,4.791227863,
S3918,"4',7-Dimethoxy-5-Hydroxyflavone",COC1=CC=C(C=C1)C2=CC(=O)C3=C(O2)C=C(OC)C=C3O,4.791227863,
S5318,Acacetin,COC1=CC=C(C=C1)C2=CC(=O)C3=C(O2)C=C(O)C=C3O,4.791227863,
S9112,Kaempferitrin,CC1OC(OC2=CC3=C(C(=C2)O)C(=O)C(=C(O3)C4=CC=C(O)C=C4)OC5OC(C)C(O)C(O)C5O)C(O)C(O)C1O,4.791227863,
S9122,Tectorigenin,COC1=C(O)C2=C(OC=C(C2=O)C3=CC=C(O)C=C3)C=C1O,4.791227863,
S9205,Hydroxygenkwanin,COC1=CC2=C(C(=C1)O)C(=O)C=C(O2)C3=CC=C(O)C(=C3)O,4.791227863,
S9287,Genkwanin,COC1=CC2=C(C(=C1)O)C(=O)C=C(O2)C3=CC=C(O)C=C3,4.791227863,
S9421,Demethylnobiletin,COC1=CC=C(C=C1OC)C2=CC(=O)C3=C(O2)C(=C(OC)C(=C3O)OC)OC,4.791227863,
S9111,Isorhamnetin,COC1=C(O)C=CC(=C1)C2=C(O)C(=O)C3=C(O2)C=C(O)C=C3O,4.791227863,
S3255,Pectolinarigenin,COC1=CC=C(C=C1)C2=CC(=O)C3=C(O)C(=C(O)C=C3O2)OC,4.791227863,
S3296,Hispidulin,COC1=C(O)C=C2OC(=CC(=O)C2=C1O)C3=CC=C(O)C=C3,4.791227863,
S7862,Rottlerin,CC(=O)C1=C(O)C(=C(O)C(=C1O)C)CC2=C(O)C(=C3OC(C)(C)C=CC3=C2O)C(=O)\C=C\C4=CC=CC=C4,4.781345998,
E4192,1-Hydroxypyrene,OC1=C2C=CC3=CC=CC4=CC=C(C=C1)C2=C34,4.780734014,
S6975,N-Vanillyldecanamide,CCCCCCCCCC(=O)NCC1=CC=C(O)C(=C1)OC,4.770026517,
S3935,Nonivamide,CCCCCCCCC(=O)NCC1=CC(=C(O)C=C1)OC,4.770026517,
E0246,¦Â-Anhydroicaritin,COC1=CC=C(C=C1)C2=C(O)C(=O)C3=C(O)C=C4OC(C)(C)CCC4=C3O2,4.768020215,
E0477,N-Caffeoyl O-methyltyramine,COC1=CC=C(CCNC(=O)\C=C\C2=CC=C(O)C(=C2)O)C=C1,4.766838819,
S3818,Tectoridin,COC1=C(O)C2=C(OC=C(C2=O)C3=CC=C(O)C=C3)C=C1OC4OC(CO)C(O)C(O)C4O,4.763313684,
S9134,Spinosin,COC1=CC2=C(C(=C1C3OC(CO)C(O)C(O)C3OC4OC(CO)C(O)C(O)C4O)O)C(=O)C=C(O2)C5=CC=C(O)C=C5,4.763313684,
S9417,Homoplantaginin,COC1=C(OC2OC(CO)C(O)C(O)C2O)C=C3OC(=CC(=O)C3=C1O)C4=CC=C(O)C=C4,4.763313684,
S9054,Pectolinarin,COC1=CC=C(C=C1)C2=CC(=O)C3=C(O2)C=C(OC4OC(COC5OC(C)C(O)C(O)C5O)C(O)C(O)C4O)C(=C3O)OC,4.763313684,
S9288,Casticin,COC1=C(O)C=C(C=C1)C2=C(OC)C(=O)C3=C(O2)C=C(OC)C(=C3O)OC,4.76206058,
E0250,Artemitin,COC1=C(OC)C=C(C=C1)C2=C(OC)C(=O)C3=C(O)C(=C(OC)C=C3O2)OC,4.76206058,
S2312,Icariin,COC1=CC=C(C=C1)C2=C(OC3OC(C)C(O)C(O)C3O)C(=O)C4=C(O2)C(=C(OC5OC(CO)C(O)C(O)C5O)C=C4O)CC=C(C)C,4.759035883,
S3840,Baohuoside I,COC1=CC=C(C=C1)C2=C(OC3OC(C)C(O)C(O)C3O)C(=O)C4=C(O)C=C(O)C(=C4O2)CC=C(C)C,4.759035883,
S9080,Anhydroicaritin,COC1=CC=C(C=C1)C2=C(O)C(=O)C3=C(O)C=C(O)C(=C3O2)CC=C(C)C,4.759035883,
S9267,Epimedin A,COC1=CC=C(C=C1)C2=C(OC3OC(C)C(O)C(O)C3OC4OC(CO)C(O)C(O)C4O)C(=O)C5=C(O)C=C(OC6OC(CO)C(O)C(O)C6O)C(=C5O2)CC=C(C)C,4.759035883,
S3247,Icariside I,COC1=CC=C(C=C1)C2=C(O)C(=O)C3=C(O2)C(=C(OC4OC(CO)C(O)C(O)C4O)C=C3O)CC=C(C)C,4.759035883,
S9268,Epmedin B,COC1=CC=C(C=C1)C2=C(OC3OC(C)C(O)C(O)C3OC4OCC(O)C(O)C4O)C(=O)C5=C(O2)C(=C(OC6OC(CO)C(O)C(O)C6O)C=C5O)CC=C(C)C,4.759035883,
S9269,Epmedin C,COC1=CC=C(C=C1)C2=C(OC3OC(C)C(O)C(O)C3OC4OC(C)C(O)C(O)C4O)C(=O)C5=C(O2)C(=C(OC6OC(CO)C(O)C(O)C6O)C=C5O)CC=C(C)C,4.759035883,
S9189,Oroxin A,OCC1OC(OC2=CC3=C(C(=O)C=C(O3)C4=CC=CC=C4)C(=C2O)O)C(O)C(O)C1O,4.758367968,
S9190,Oroxin B,OCC1OC(OCC2OC(OC3=C(O)C(=C4C(=O)C=C(OC4=C3)C5=CC=CC=C5)O)C(O)C(O)C2O)C(O)C(O)C1O,4.758367968,
S2526,Alizarin,OC1=C(O)C2=C(C=C1)C(=O)C3=CC=CC=C3C2=O,4.756879433,
E4105,Quinizarin,OC1=C2C(=O)C3=CC=CC=C3C(=O)C2=C(O)C=C1,4.756879433,
E4096,1-Hydroxyanthraquinone,OC1=C2C(=O)C3=CC=CC=C3C(=O)C2=CC=C1,4.756879433,
S2268,Baicalein,OC1=C(O)C(=C2C(=O)C=C(OC2=C1)C3=CC=CC=C3)O,4.755706991,
S2281,Chrysin,OC1=CC2=C(C(=C1)O)C(=O)C=C(O2)C3=CC=CC=C3,4.755706991,
S5529,Galangin,OC1=CC2=C(C(=C1)O)C(=O)C(=C(O2)C3=CC=CC=C3)O,4.755706991,
E4545,5-Hydroxyflavone,OC1=C2C(=O)C=C(OC2=CC=C1)C3=CC=CC=C3,4.755706991,
E4572,"5,7-Dihydroxy-4-phenylcoumarin",OC1=CC(=C2C(=C1)OC(=O)C=C2C3=CC=CC=C3)O,4.755706991,
S3875,Alpinetin,COC1=CC(=CC2=C1C(=O)CC(O2)C3=CC=CC=C3)O,4.748572791,
S2350,Rutin,CC1OC(OCC2OC(OC3=C(OC4=C(C(=CC(=C4)O)O)C3=O)C5=CC(=C(O)C=C5)O)C(O)C(O)C2O)C(O)C(O)C1O,4.746040977,
S2369,Troxerutin,CC1OC(OCC2OC(OC3=C(OC4=CC(=CC(=C4C3=O)O)OCCO)C5=CC(=C(OCCO)C=C5)OCCO)C(O)C(O)C2O)C(O)C(O)C1O,4.746040977,
S5460,Vitexin-2-O-rhaMnoside,CC1OC(OC2C(O)C(O)C(CO)OC2C3=C(O)C=C(O)C4=C3OC(=CC4=O)C5=CC=C(O)C=C5)C(O)C(O)C1O,4.746040977,
S6264,Rutin hydrate,CC1OC(OCC2OC(OC3=C(OC4=C(C(=CC(=C4)O)O)C3=O)C5=CC(=C(O)C=C5)O)C(O)C(O)C2O)C(O)C(O)C1O,4.746040977,
S9076,Typhaneoside,COC1=CC(=CC=C1O)C2=C(OC3OC(COC4OC(C)C(O)C(O)C4O)C(O)C(O)C3OC5OC(C)C(O)C(O)C5O)C(=O)C6=C(O2)C=C(O)C=C6O,4.746040977,
S9084,Rhoifolin,CC1OC(OC2C(O)C(O)C(CO)OC2OC3=CC4=C(C(=C3)O)C(=O)C=C(O4)C5=CC=C(O)C=C5)C(O)C(O)C1O,4.746040977,
S9217,Complanatuside,COC1=CC2=C(C(=C1)O)C(=O)C(=C(O2)C3=CC=C(OC4OC(CO)C(O)C(O)C4O)C=C3)OC5OC(CO)C(O)C(O)C5O,4.746040977,
S9322,Neodiosmin,COC1=CC=C(C=C1O)C2=CC(=O)C3=C(O2)C=C(OC4OC(CO)C(O)C(O)C4OC5OC(C)C(O)C(O)C5O)C=C3O,4.746040977,
S9423,Narcissoside,COC1=C(O)C=CC(=C1)C2=C(OC3OC(COC4OC(C)C(O)C(O)C4O)C(O)C(O)C3O)C(=O)C5=C(O)C=C(O)C=C5O2,4.746040977,
S9455,Isorhamnetin 3-O-neohesperoside,COC1=CC(=CC=C1O)C2=C(OC3OC(CO)C(O)C(O)C3OC4OC(C)C(O)C(O)C4O)C(=O)C5=C(O2)C=C(O)C=C5O,4.746040977,
S9096,ligustroflavone,CC1OC(OCC2OC(OC3=CC(=C4C(=O)C=C(OC4=C3)C5=CC=C(O)C=C5)O)C(OC6OC(C)C(O)C(O)C6O)C(O)C2O)C(O)C(O)C1O,4.746040977,
S9290,Linarin,COC1=CC=C(C=C1)C2=CC(=O)C3=C(O)C=C(OC4OC(COC5OC(C)C(O)C(O)C5O)C(O)C(O)C4O)C=C3O2,4.746040977,
S3267,Kaempferol-3-O-rutinoside,CC1OC(OCC2OC(OC3=C(OC4=C(C(=CC(=C4)O)O)C3=O)C5=CC=C(O)C=C5)C(O)C(O)C2O)C(O)C(O)C1O,4.746040977,
S3278,Kaempferol-3-O-neohesperidoside,CC1OC(OC2C(O)C(O)C(CO)OC2OC3=C(OC4=CC(=CC(=C4C3=O)O)O)C5=CC=C(O)C=C5)C(O)C(O)C1O,4.746040977,
S5468,Kaempferol-3-O-glucorhamnoside,CC1OC(OC2C(O)C(O)C(CO)OC2OC3=C(OC4=CC(=CC(=C4C3=O)O)O)C5=CC=C(O)C=C5)C(O)C(O)C1O,4.746040977,
S2292,Diosmin,COC1=C(O)C=C(C=C1)C2=CC(=O)C3=C(O2)C=C(OC4OC(COC5OC(C)C(O)C(O)C5O)C(O)C(O)C4O)C=C3O,4.746040977,
S1990,Capsaicin(Vanilloid),COC1=C(O)C=CC(=C1)CNC(=O)CCCC\C=C\C(C)C,4.74434304,
S9086,Dihydrocapsaicin,COC1=C(O)C=CC(=C1)CNC(=O)CCCCCCC(C)C,4.74434304,
E4081,"1,2-Dimethoxybenzene",COC1=C(OC)C=CC=C1,4.743583715,
S9088,Calycosin-7-O-beta-D-glucoside,COC1=C(O)C=C(C=C1)C2=COC3=C(C=CC(=C3)OC4OC(CO)C(O)C(O)C4O)C2=O,4.734344427,
E0247,Militarine,CC(C)CC(O)(CC(=O)OCC1=CC=C(OC2OC(CO)C(O)C(O)C2O)C=C1)C(=O)OCC3=CC=C(OC4OC(CO)C(O)C(O)C4O)C=C3,4.710807854,
P1100,Lysipressin Acetate,CC(O)=O.NCCCCC(NC(=O)C1CCCN1C(=O)C2CSSCC(N)C(=O)NC(CC3=CC=C(O)C=C3)C(=O)NC(CC4=CC=CC=C4)C(=O)NC(CCC(N)=O)C(=O)NC(CC(N)=O)C(=O)N2)C(=O)NCC(N)=O,4.705428015,
E4079,Benzyl salicylate,OC1=C(C=CC=C1)C(=O)OCC2=CC=CC=C2,4.70533828,
S4539,Salicylic acid,OC(=O)C1=C(O)C=CC=C1,4.702594367,
E4216,2-Hydroxycinnamic acid,OC(=O)/C=C/C1=C(O)C=CC=C1,4.702594367,
S1321,Urolithin B,OC1=CC2=C(C=C1)C3=CC=CC=C3C(=O)O2,4.695196312,
S3262,Scopolin,COC1=CC2=C(OC(=O)C=C2)C=C1OC3OC(CO)C(O)C(O)C3O,4.660388965,
S4743,Wogonin,COC1=C(O)C=C(O)C2=C1OC(=CC2=O)C3=CC=CC=C3,4.659344253,
S9204,Oroxylin A,COC1=C(O)C2=C(OC(=CC2=O)C3=CC=CC=C3)C=C1O,4.659344253,
S3256,Tectochrysin,COC1=CC(=C2C(=O)C=C(OC2=C1)C3=CC=CC=C3)O,4.659344253,
S3307,Galangin 3-methyl ether,COC1=C(OC2=C(C(=CC(=C2)O)O)C1=O)C3=CC=CC=C3,4.659344253,
S2269,Baicalin (NSC-661431),OC1C(O)C(OC(C1O)C(O)=O)OC2=C(O)C(=C3C(=O)C=C(OC3=C2)C4=CC=CC=C4)O,4.65575697,
S7414,Caffeic Acid Phenethyl Ester,OC1=CC=C(/C=C/C(=O)OCCC2=CC=CC=C2)C=C1O,4.64981488,
S2377,Biochanin A,COC1=CC=C(C=C1)C2=COC3=CC(=CC(=C3C2=O)O)O,4.636655711,
S9113,Ononin,COC1=CC=C(C=C1)C2=COC3=C(C=CC(=C3)OC4OC(CO)C(O)C(O)C4O)C2=O,4.629674301,
S3867,(E)-Cardamonin,COC1=CC(=CC(=C1C(=O)\C=C\C2=CC=CC=C2)O)O,4.62807555,
S3942,Cardamonin,COC1=CC(=CC(=C1C(=O)C=CC2=CC=CC=C2)O)O,4.62807555,
S9412,Flavokawain B,COC1=CC(=C(C(=C1)O)C(=O)\C=C\C2=CC=CC=C2)OC,4.62807555,
S3222,Raspberry ketone glucoside,CC(=O)CCC1=CC=C(OC2OC(CO)C(O)C(O)C2O)C=C1,4.592254211,
S9047,Leonurine Hydrochloride,Cl.COC1=C(O)C(=CC(=C1)C(=O)OCCCCNC(N)=N)OC,4.585483771,
S9115,Wogonoside,COC1=C(OC2OC(C(O)C(O)C2O)C(O)=O)C=C(O)C3=C1OC(=CC3=O)C4=CC=CC=C4,4.577862119,
S6852,Gossypol,CC(C)C1=C(O)C(=C(C=O)C2=C1C=C(C)C(=C2O)C3=C(O)C4=C(C=C3C)C(=C(O)C(=C4C=O)O)C(C)C)O,4.57702875,
E4411,¦Á-Hexylcinnamaldehyde,CCCCCCC(C=O)=CC1=CC=CC=C1,4.57383298,
S5562,2-Hydroxybenzyl alcohol,OCC1=CC=CC=C1O,4.527187116,
E4495,12-Ethyl-9-hydroxycamptothecin,CCC1=C2N=C3C(=CC2=C(O)C=C1)CN4C(=O)C5=C(C=C34)C(O)(CC)C(=O)OC5,4.519744133,
S9270,Dracohodin perochlorate,COC1=C(C)C(=CC2=C1C=CC(=[O+]2)C3=CC=CC=C3)O.[O-][Cl](=O)(=O)=O,4.508371617,
S9162,Rubimaillin,COC(=O)C1=C(O)C2=C(C=CC=C2)C3=C1C=CC(C)(C)O3,4.450303002,
E4271,1-Naphthol,OC1=CC=CC2=C1C=CC=C2,4.410214599,
S5464,Psoralidin,CC(C)=CCC1=CC2=C(OC(=O)C3=C2OC4=C3C=CC(=C4)O)C=C1O,4.332924041,
S9042,Wedelolactone,COC1=CC2=C(C(=C1)O)C3=C(C(=O)O2)C4=C(O3)C=C(O)C(=C4)O,4.331346707,
S5049,Thiocolchicoside,COC1=C(OC)C2=C(CCC(NC(C)=O)C3=CC(=O)C(=CC=C23)SC)C=C1OC4OC(CO)C(O)C(O)C4O,4.298076722,
S9241,Polygalaxanthone III,COC1=CC2=C(OC3=C(C(=C(C4OC(COC5OCC(O)(CO)C5O)C(O)C(O)C4O)C(=C3)O)O)C2=O)C=C1O,4.241806651,
S4966,4-Methylesculetin,CC1=CC(=O)OC2=C1C=C(O)C(=C2)O,4.241101967,
S8319,"7,8-Dihydroxyflavone",OC1=CC=C2C(=O)C=C(OC2=C1O)C3=CC=CC=C3,4.058097982,
S3634,6-Hydroxyflavone (6-HF),OC1=CC2=C(OC(=CC2=O)C3=CC=CC=C3)C=C1,4.022505976,
S5380,7-Hydroxyflavone,OC1=CC=C2C(=O)C=C(OC2=C1)C3=CC=CC=C3,4.022505976,
E4501,"3,6-Dihydroxyflavone",OC1=CC=C2OC(=C(O)C(=O)C2=C1)C3=CC=CC=C3,4.022505976,
E4555,7-Hydroxyisoflavone,OC1=CC=C2C(=O)C(=COC2=C1)C3=CC=CC=C3,4.022505976,
S2305,Grape Seed Extract,,0,
S5104,Tea polyphenol,,0,
E2548,N-(p-Coumaroyl) Serotonin,,0,
E4311,Potassium 7-hydroxy-1-naphthalenesulfona,[K;v0].OC1=CC2=C(C=CC=C2[S](O)(=O)=O)C=C1,0,
